{"cameraMode":{"drawMode":0,"name":"Shaded","section":"Shading Mode"},"sceneLighting":false,"audioPlay":false,"sceneViewState":{"showFog":true,"showMaterialUpdate":false,"showSkybox":true,"showFlares":true,"showImageEffects":true,"showParticleSystems":true},"in2DMode":false,"pivot":{"x":-0.22724184393882752,"y":0.9421226382255554,"z":-0.027728676795959474},"rotation":{"x":0.2167990505695343,"y":-0.17031614482402802,"z":0.03844321519136429,"w":0.9604752659797669},"size":3.577935218811035,"orthographic":false}