{"cameraMode":{"drawMode":0,"name":"Shaded","section":"Shading Mode"},"sceneLighting":false,"audioPlay":false,"sceneViewState":{"showFog":true,"showMaterialUpdate":false,"showSkybox":true,"showFlares":true,"showImageEffects":true,"showParticleSystems":true},"in2DMode":false,"pivot":{"x":-18.701108932495118,"y":0.6274455189704895,"z":-66.11726379394531},"rotation":{"x":0.07634289562702179,"y":-0.04634743928909302,"z":0.0035529632586985828,"w":0.9959975481033325},"size":2.0212438106536867,"orthographic":true}