{"cameraMode":{"drawMode":0,"name":"Shaded","section":"Shading Mode"},"sceneLighting":true,"audioPlay":false,"sceneViewState":{"showFog":true,"showMaterialUpdate":false,"showSkybox":true,"showFlares":true,"showImageEffects":true,"showParticleSystems":true},"in2DMode":false,"pivot":{"x":-2.3566408157348635,"y":105.33602905273438,"z":-14.567741394042969},"rotation":{"x":0.25677186250686648,"y":0.6984776258468628,"z":-0.300678551197052,"w":0.5964811444282532},"size":16.936933517456056,"orthographic":false}