{"cameraMode":{"drawMode":0,"name":"Shaded","section":"Shading Mode"},"sceneLighting":true,"audioPlay":false,"sceneViewState":{"showFog":true,"showMaterialUpdate":false,"showSkybox":true,"showFlares":true,"showImageEffects":true,"showParticleSystems":true},"in2DMode":false,"pivot":{"x":-12.270030975341797,"y":6.271385192871094,"z":-9.723159790039063},"rotation":{"x":0.23184452950954438,"y":-0.014590729959309101,"z":0.003477934282273054,"w":0.9726372361183167},"size":151.438232421875,"orthographic":false}