{"cameraMode":{"drawMode":0,"name":"Shaded","section":"Shading Mode"},"sceneLighting":false,"audioPlay":false,"sceneViewState":{"showFog":true,"showMaterialUpdate":false,"showSkybox":true,"showFlares":true,"showImageEffects":true,"showParticleSystems":true},"in2DMode":false,"pivot":{"x":772.4298095703125,"y":480.6771240234375,"z":-68.6728515625},"rotation":{"x":-0.0074898493476212029,"y":-0.052472908049821857,"z":-0.00039323591045103967,"w":0.9985941648483276},"size":1626.4013671875,"orthographic":false}