{"cameraMode":{"drawMode":0,"name":"Shaded","section":"Shading Mode"},"sceneLighting":false,"audioPlay":false,"sceneViewState":{"showFog":true,"showMaterialUpdate":false,"showSkybox":true,"showFlares":true,"showImageEffects":true,"showParticleSystems":true},"in2DMode":false,"pivot":{"x":-13.920938491821289,"y":15.19297981262207,"z":-123.47008514404297},"rotation":{"x":0.43441125750541689,"y":-0.006755314767360687,"z":0.003258774522691965,"w":0.9006834030151367},"size":15.613505363464356,"orthographic":false}