{"cameraMode":{"drawMode":0,"name":"Shaded","section":"Shading Mode"},"sceneLighting":false,"audioPlay":false,"sceneViewState":{"showFog":true,"showMaterialUpdate":false,"showSkybox":true,"showFlares":true,"showImageEffects":true,"showParticleSystems":true},"in2DMode":false,"pivot":{"x":-10.656294822692871,"y":13.142182350158692,"z":-55.47242736816406},"rotation":{"x":0.43441125750541689,"y":-0.006755314767360687,"z":0.003258774522691965,"w":0.9006834030151367},"size":10.46944522857666,"orthographic":false}