{"cameraMode":{"drawMode":0,"name":"Shaded","section":"Shading Mode"},"sceneLighting":false,"audioPlay":false,"sceneViewState":{"showFog":true,"showMaterialUpdate":false,"showSkybox":true,"showFlares":true,"showImageEffects":true,"showParticleSystems":true},"in2DMode":false,"pivot":{"x":-18.649999618530275,"y":0.915928840637207,"z":-66.30000305175781},"rotation":{"x":-0.282889723777771,"y":-0.005182643420994282,"z":0.0015282658860087395,"w":-0.9591372609138489},"size":3.2205450534820558,"orthographic":false}