{"cameraMode":{"drawMode":0,"name":"Shaded","section":"Shading Mode"},"sceneLighting":false,"audioPlay":false,"sceneViewState":{"showFog":true,"showMaterialUpdate":false,"showSkybox":true,"showFlares":true,"showImageEffects":true,"showParticleSystems":true},"in2DMode":false,"pivot":{"x":-0.2686767578125,"y":-0.108642578125,"z":1.052734375},"rotation":{"x":0.053970083594322208,"y":0.011982436291873455,"z":0.000647669134195894,"w":-0.9984704852104187},"size":8.181273460388184,"orthographic":true}