{"cameraMode":{"drawMode":0,"name":"Shaded","section":"Shading Mode"},"sceneLighting":false,"audioPlay":false,"sceneViewState":{"showFog":true,"showMaterialUpdate":false,"showSkybox":true,"showFlares":true,"showImageEffects":true,"showParticleSystems":true},"in2DMode":false,"pivot":{"x":-0.03995013236999512,"y":0.3434737026691437,"z":-0.047606468200683597},"rotation":{"x":-0.0011376702459529043,"y":0.9978357553482056,"z":-0.017962852492928506,"w":-0.06324420869350434},"size":6.814225196838379,"orthographic":false}