{"cameraMode":{"drawMode":0,"name":"Shaded","section":"Shading Mode"},"sceneLighting":true,"audioPlay":false,"sceneViewState":{"showFog":true,"showMaterialUpdate":false,"showSkybox":true,"showFlares":true,"showImageEffects":true,"showParticleSystems":true},"in2DMode":false,"pivot":{"x":-31.14232635498047,"y":23.844173431396486,"z":-7.5197601318359379},"rotation":{"x":-0.2233545482158661,"y":-0.02134770154953003,"z":0.004893037024885416,"w":-0.9744912385940552},"size":63.51614761352539,"orthographic":false}