{"cameraMode":{"drawMode":0,"name":"Shaded","section":"Shading Mode"},"sceneLighting":false,"audioPlay":false,"sceneViewState":{"showFog":true,"showMaterialUpdate":false,"showSkybox":true,"showFlares":true,"showImageEffects":true,"showParticleSystems":true},"in2DMode":false,"pivot":{"x":1.0047379732131959,"y":3.2137441635131838,"z":-0.0012038648128509522},"rotation":{"x":-0.31572213768959048,"y":-0.022200919687747957,"z":0.007387553341686726,"w":-0.9485631585121155},"size":11.439762115478516,"orthographic":false}