{"cameraMode":{"drawMode":0,"name":"Shaded","section":"Shading Mode"},"sceneLighting":false,"audioPlay":false,"sceneViewState":{"showFog":true,"showMaterialUpdate":false,"showSkybox":true,"showFlares":true,"showImageEffects":true,"showParticleSystems":true},"in2DMode":false,"pivot":{"x":0.0,"y":7.538295745849609,"z":-0.0000152587890625},"rotation":{"x":-0.05861758813261986,"y":-0.9122917652130127,"z":0.14067962765693665,"w":-0.38012760877609255},"size":1167.605224609375,"orthographic":false}