{"cameraMode":{"drawMode":0,"name":"Shaded","section":"Shading Mode"},"sceneLighting":false,"audioPlay":false,"sceneViewState":{"showFog":true,"showMaterialUpdate":false,"showSkybox":true,"showFlares":true,"showImageEffects":true,"showParticleSystems":true},"in2DMode":false,"pivot":{"x":-12.164789199829102,"y":2.2743334770202638,"z":19.72170639038086},"rotation":{"x":-0.21898645162582398,"y":0.016684314236044885,"z":-0.0037466695066541435,"w":-0.9755780696868897},"size":22.0,"orthographic":false}