{"cameraMode":{"drawMode":0,"name":"Shaded","section":"Shading Mode"},"sceneLighting":false,"audioPlay":false,"sceneViewState":{"showFog":true,"showMaterialUpdate":false,"showSkybox":true,"showFlares":true,"showImageEffects":true,"showParticleSystems":true},"in2DMode":false,"pivot":{"x":2.4076766967773439,"y":0.24917316436767579,"z":3.326737403869629},"rotation":{"x":-0.2865527868270874,"y":-0.04780952259898186,"z":0.01431502029299736,"w":-0.9567638039588928},"size":23.329050064086915,"orthographic":false}