{"cameraMode":{"drawMode":0,"name":"Shaded","section":"Shading Mode"},"sceneLighting":true,"audioPlay":false,"sceneViewState":{"showFog":true,"showMaterialUpdate":false,"showSkybox":true,"showFlares":true,"showImageEffects":true,"showParticleSystems":true},"in2DMode":false,"pivot":{"x":-4.741056442260742,"y":9.567892074584961,"z":-17.619251251220704},"rotation":{"x":-0.15566104650497437,"y":-0.01274521742016077,"z":0.002008628100156784,"w":-0.9877263307571411},"size":42.489990234375,"orthographic":false}