{"cameraMode":{"drawMode":0,"name":"Shaded","section":"Shading Mode"},"sceneLighting":true,"audioPlay":false,"sceneViewState":{"showFog":true,"showMaterialUpdate":false,"showSkybox":true,"showFlares":true,"showImageEffects":true,"showParticleSystems":true},"in2DMode":false,"pivot":{"x":-35.38278579711914,"y":-11.679296493530274,"z":20.823617935180665},"rotation":{"x":-0.2768002450466156,"y":0.09882906824350357,"z":-0.028623953461647035,"w":-0.9554031491279602},"size":37.85002517700195,"orthographic":false}