{"cameraMode":{"drawMode":0,"name":"Shaded","section":"Shading Mode"},"sceneLighting":false,"audioPlay":false,"sceneViewState":{"showFog":true,"showMaterialUpdate":false,"showSkybox":true,"showFlares":true,"showImageEffects":true,"showParticleSystems":true},"in2DMode":false,"pivot":{"x":-6.2023468017578129,"y":3.901644229888916,"z":-3.205322265625},"rotation":{"x":-0.32244107127189639,"y":0.4521477520465851,"z":-0.17955006659030915,"w":-0.8120073676109314},"size":28.123987197875978,"orthographic":false}