{"cameraMode":{"drawMode":0,"name":"Shaded","section":"Shading Mode"},"sceneLighting":true,"audioPlay":false,"sceneViewState":{"showFog":true,"showMaterialUpdate":false,"showSkybox":true,"showFlares":true,"showImageEffects":true,"showParticleSystems":true},"in2DMode":false,"pivot":{"x":16.185943603515626,"y":3.7832260131835939,"z":12.674896240234375},"rotation":{"x":0.6920994520187378,"y":-0.0021653990261256696,"z":0.0020763149950653316,"w":0.721795916557312},"size":103.8336181640625,"orthographic":false}