{"cameraMode":{"drawMode":0,"name":"Shaded","section":"Shading Mode"},"sceneLighting":false,"audioPlay":false,"sceneViewState":{"showFog":true,"showMaterialUpdate":false,"showSkybox":true,"showFlares":true,"showImageEffects":true,"showParticleSystems":true},"in2DMode":false,"pivot":{"x":-11.11886978149414,"y":11.997451782226563,"z":-36.91645050048828},"rotation":{"x":0.22993198037147523,"y":0.15541593730449677,"z":-0.03722475469112396,"w":0.9599955677986145},"size":7.334300994873047,"orthographic":false}