{"cameraMode":{"drawMode":0,"name":"Shaded","section":"Shading Mode"},"sceneLighting":false,"audioPlay":false,"sceneViewState":{"showFog":true,"showMaterialUpdate":false,"showSkybox":true,"showFlares":true,"showImageEffects":true,"showParticleSystems":true},"in2DMode":false,"pivot":{"x":-11.756546974182129,"y":13.337420463562012,"z":-55.243446350097659},"rotation":{"x":-0.2278856635093689,"y":-0.3688439726829529,"z":0.09379588067531586,"w":-0.896228015422821},"size":10.46944522857666,"orthographic":false}