{"cameraMode":{"drawMode":0,"name":"Shaded","section":"Shading Mode"},"sceneLighting":true,"audioPlay":false,"sceneViewState":{"showFog":true,"showMaterialUpdate":false,"showSkybox":true,"showFlares":true,"showImageEffects":true,"showParticleSystems":true},"in2DMode":false,"pivot":{"x":-41.52452087402344,"y":4.676258087158203,"z":0.10108184814453125},"rotation":{"x":-0.2788578271865845,"y":-0.08714347332715988,"z":0.02541647106409073,"w":-0.9560326933860779},"size":31.667970657348634,"orthographic":false}