{"cameraMode":{"drawMode":0,"name":"Shaded","section":"Shading Mode"},"sceneLighting":true,"audioPlay":false,"sceneViewState":{"showFog":true,"showMaterialUpdate":false,"showSkybox":true,"showFlares":true,"showImageEffects":true,"showParticleSystems":true},"in2DMode":false,"pivot":{"x":-8.873556137084961,"y":86.8062744140625,"z":39.215911865234378},"rotation":{"x":-0.269287645816803,"y":-0.06581030786037445,"z":0.01844632811844349,"w":-0.9606315493583679},"size":347.768310546875,"orthographic":false}