{"cameraMode":{"drawMode":0,"name":"Shaded","section":"Shading Mode"},"sceneLighting":false,"audioPlay":false,"sceneViewState":{"showFog":true,"showMaterialUpdate":false,"showSkybox":true,"showFlares":true,"showImageEffects":true,"showParticleSystems":true},"in2DMode":false,"pivot":{"x":0.0,"y":0.6796507835388184,"z":-0.12876129150390626},"rotation":{"x":-0.09735958278179169,"y":0.5805423855781555,"z":-0.07018524408340454,"w":-0.8053357601165772},"size":4.068350315093994,"orthographic":false}