{"cameraMode":{"drawMode":0,"name":"Shaded","section":"Shading Mode"},"sceneLighting":false,"audioPlay":false,"sceneViewState":{"showFog":true,"showMaterialUpdate":false,"showSkybox":true,"showFlares":true,"showImageEffects":true,"showParticleSystems":true},"in2DMode":false,"pivot":{"x":-0.056156158447265628,"y":3.1171083450317385,"z":0.510528564453125},"rotation":{"x":0.34110260009765627,"y":0.08259267359972,"z":-0.03009767457842827,"w":0.9359068274497986},"size":44.211273193359378,"orthographic":false}